lat,lon,"Baseline: People","Crisis: People",Difference,"Percent Change","Standard (Z) Score"
48.514784939429,9.0499877929688,19.612841898774,20.771610014952,1.1587681161777,5.6215834860045,1.1288657961773
48.511145989879,9.0499877929688,20.492823009847,17.455068581924,-3.0377544279228,-14.133808418425,-1.5587532368007
48.507506778978,9.0499877929688,22.016580046315,20.257340037778,-1.7592400085366,-7.6433597215422,-0.9068370566256
48.503867306723,9.0499877929688,15.365002234013,13.486275682415,-1.8787265515986,-11.480148457871,-1.0562737946428
48.500227573111,9.0499877929688,14.89758773556,13.958384403919,-0.93920333164028,-5.9078354984604,-0.82390231495165
48.496587578136,9.0499877929688,,,,-3.4453211759558,-0.66675591539368
48.492947321795,9.0499877929688,,,,-0.77548176037371,-0.11513487808156
48.489306804083,9.0499877929688,,,,0.72159204350696,0.073915834021683
48.485666024997,9.0499877929688,,,,3.3263598791934,0.34076978613037
48.482024984533,9.0499877929688,,,,12.112023954165,1.3061210091129
48.478383682685,9.0499877929688,,,,23.578049861406,2.7483230717293
48.474742119452,9.0499877929688,,,,11.974719104405,1.2928979302002
48.471100294828,9.0499877929688,,,,2.7189149125444,0.27729495100035
48.463815861391,9.0499877929688,,,,-0.55554503474034,-0.058967420702113
48.46017325257,9.0499877929688,,,,-2.9406954296032,-0.41463956423972
48.500227573111,8.9950561523438,11.97487278529,11.725275497005,-0.24959728828463,-1.923697383512,-0.13957112498742
48.482024984533,8.9950561523438,15.240195567934,15.625971104806,0.38577553687178,2.375436522658,0.1427447412616
48.514784939429,8.9950561523438,,,,-2.1985027569058,-0.22479234151613
48.511145989879,8.9950561523438,,,,-1.5090340882327,-0.16673025508978
48.507506778978,8.9950561523438,,,,-2.488363142751,-0.32952596921009
48.503867306723,8.9950561523438,,,,-1.7464284094174,-0.14335827718101
48.496587578136,8.9950561523438,,,,-19.340683179246,-0.67869144620205
48.492947321795,8.9950561523438,,,,8.6011799320273,0.26639821167934
48.489306804083,8.9950561523438,,,,-4.9363047378063,-0.40290338458137
48.485666024997,8.9950561523438,,,,-10.950512796814,-0.65384173064768
48.478383682685,8.9950561523438,,,,2.906090081252,0.26231071965518
48.474742119452,8.9950561523438,,,,2.7724446798529,0.45443560842833
48.471100294828,8.9950561523438,,,,0.67283789969753,0.070015614292625
48.514784939429,8.9675903320312,,,,-0.78753682494781,-0.084787627120948
48.511145989879,8.9675903320312,,,,-1.8102041950866,-0.13223764956757
48.507506778978,8.9675903320312,,,,-4.4069159296994,-0.15208692383879
48.503867306723,8.9675903320312,,,,-3.097006007516,-0.27195962627312
48.500227573111,8.9675903320312,,,,3.4669385198306,0.22781433089961
48.496587578136,8.9675903320312,,,,4.5960491567587,0.5544994319681
48.492947321795,8.9675903320312,,,,1.369182054083,0.15246737746195
48.489306804083,8.9675903320312,,,,-0.83412605060905,-0.087450970766687
48.485666024997,8.9675903320312,,,,5.3008228778929,0.67519885988334
48.482024984533,8.9675903320312,,,,18.000229108299,1.6039622120581
48.478383682685,8.9675903320312,,,,27.501788497985,1.7743549426352
48.474742119452,8.9675903320312,,,,39.597846745233,2.2987142411625
48.471100294828,8.9675903320312,,,,24.033828095256,2.591347455808
48.467458208808,8.9675903320312,,,,8.2566369750888,1.053597391482
48.463815861391,8.9675903320312,,,,2.8800119482252,0.29943940608076
48.46017325257,8.9675903320312,,,,5.9358188316266,0.64258869825433
48.514784939429,8.9730834960938,,,,-0.30010461884729,-0.032278284948515
48.511145989879,8.9730834960938,,,,0.33465285504786,0.024278682972782
48.507506778978,8.9730834960938,,,,2.8506560063085,0.087102284445132
48.503867306723,8.9730834960938,,,,-1.4572052390309,-0.14727937782988
48.500227573111,8.9730834960938,,,,-4.4453485207259,-0.27380445160931
48.496587578136,8.9730834960938,,,,-1.2371417359885,-0.1836616442139
48.492947321795,8.9730834960938,,,,-1.6103579435918,-0.17584819574253
48.489306804083,8.9730834960938,,,,-7.9345657875306,-0.34853146676102
48.485666024997,8.9730834960938,,,,-1.7579915207503,-0.17887985712635
48.482024984533,8.9730834960938,,,,0.2393873051322,0.0093290481793728
48.478383682685,8.9730834960938,,,,46.392556360767,2.5103910686163
48.474742119452,8.9730834960938,,,,34.927995906434,1.9863913654329
48.471100294828,8.9730834960938,,,,23.875231846984,2.021599200903
48.467458208808,8.9730834960938,,,,8.5447546184149,1.1273138854479
48.463815861391,8.9730834960938,,,,0.72107172776655,0.072726934019924
48.46017325257,8.9730834960938,,,,1.097904997922,0.11123378494637
48.514784939429,8.9785766601562,,,,-0.72541429575414,-0.075989262003226
48.511145989879,8.9785766601562,,,,0.50932463899765,0.06006103281189
48.507506778978,8.9785766601562,,,,1.3136208803997,0.10297486794027
48.503867306723,8.9785766601562,,,,0.23267529957026,0.032677100815932
48.500227573111,8.9785766601562,,,,-4.3419664008116,-0.28192598166395
48.496587578136,8.9785766601562,,,,-7.3646071479833,-0.37945955525107
48.492947321795,8.9785766601562,,,,-3.8244295364758,-0.4139442412827
48.489306804083,8.9785766601562,,,,-3.6645340128801,-0.3803930333788
48.485666024997,8.9785766601562,,,,-2.5624556724969,-0.29428160103963
48.482024984533,8.9785766601562,,,,1.382121268401,0.11076402329961
48.478383682685,8.9785766601562,,,,-8.9894198417679,-0.37247702790233
48.474742119452,8.9785766601562,,,,1.0286870940498,0.049758989689098
48.471100294828,8.9785766601562,,,,10.317115322383,0.94380393417298
48.467458208808,8.9785766601562,,,,4.3550627510801,0.52722646956035
48.514784939429,8.9840698242188,,,,-2.0889877551814,-0.21568697086469
48.511145989879,8.9840698242188,,,,-0.084526993741362,-0.0088878821192158
48.507506778978,8.9840698242188,,,,1.1600969507838,0.14113995239026
48.503867306723,8.9840698242188,,,,5.0778255307521,0.59151921787382
48.500227573111,8.9840698242188,,,,11.569303814032,0.98492904753233
48.496587578136,8.9840698242188,,,,0.056361453783408,0.0036393566007941
48.492947321795,8.9840698242188,,,,-9.2687613477232,-0.44042829556171
48.489306804083,8.9840698242188,,,,-4.2573069950366,-0.50116920695366
48.485666024997,8.9840698242188,,,,-3.0873051922993,-0.42882985847178
48.482024984533,8.9840698242188,,,,-4.0470797286789,-0.50753287865183
48.478383682685,8.9840698242188,,,,-4.9235340494285,-0.50670255757569
48.474742119452,8.9840698242188,,,,-2.1473049513559,-0.21595071877082
48.471100294828,8.9840698242188,,,,0.90814765117388,0.11851890765346
48.467458208808,8.9840698242188,,,,0.85608493639596,0.092257180367021
48.514784939429,8.9895629882812,,,,-3.323856491983,-0.34381351710698
48.511145989879,8.9895629882812,,,,-0.92190021783756,-0.098146518727079
48.507506778978,8.9895629882812,,,,-0.44979958503007,-0.056188669503046
48.503867306723,8.9895629882812,,,,0.54701565223089,0.02440082290158
48.500227573111,8.9895629882812,,,,31.619792575908,1.2997668665129
48.496587578136,8.9895629882812,,,,2.3582008227987,0.14841097402544
48.492947321795,8.9895629882812,,,,-2.8848007893669,-0.2419618202322
48.489306804083,8.9895629882812,,,,-4.4510111560937,-0.52003366556618
48.485666024997,8.9895629882812,,,,-4.8746167420449,-0.43513563037855
48.482024984533,8.9895629882812,,,,-6.1709938163312,-0.38099729283734
48.478383682685,8.9895629882812,,,,-1.5535482046336,-0.16552099303731
48.474742119452,8.9895629882812,,,,-1.4991669088777,-0.20635106286739
48.471100294828,8.9895629882812,,,,-1.2299929319358,-0.1285480579303
48.467458208808,8.9895629882812,,,,-0.36092843884312,-0.036421482605743
48.514784939429,9.0005493164062,,,,-0.76801242326016,-0.077395650537204
48.511145989879,9.0005493164062,,,,-1.9309034798683,-0.21323525250471
48.507506778978,9.0005493164062,,,,-5.298673921043,-0.58859349947546
48.503867306723,9.0005493164062,,,,-10.370993142048,-0.5995070091116
48.500227573111,9.0005493164062,,,,3.9394584629463,0.19130185007375
48.496587578136,9.0005493164062,,,,35.566785907819,2.3486799555969
48.492947321795,9.0005493164062,,,,14.5177744626,1.6003888867864
48.489306804083,9.0005493164062,,,,-3.9267459514078,-0.43376808525139
48.485666024997,9.0005493164062,,,,-7.8860171291608,-0.54931034418383
48.482024984533,9.0005493164062,,,,-0.86998837032617,-0.070144489308518
48.478383682685,9.0005493164062,,,,9.7590747458068,0.65314821266292
48.474742119452,9.0005493164062,,,,3.6578827173174,0.47756455635191
48.471100294828,9.0005493164062,,,,0.44333919563434,0.047351835196045
48.514784939429,9.0115356445312,,,,0.029216830623052,0.0029288082595192
48.511145989879,9.0115356445312,,,,-0.60004454638491,-0.061026274832752
48.507506778978,9.0115356445312,,,,-0.10629552529743,-0.011551557900524
48.503867306723,9.0115356445312,,,,7.0538273633397,0.85580517579187
48.500227573111,9.0115356445312,,,,23.805527857386,1.9619840493547
48.496587578136,9.0115356445312,,,,29.920132766155,2.9346275440089
48.492947321795,9.0115356445312,,,,5.4073324596759,0.56134149340513
48.489306804083,9.0115356445312,,,,-27.181291242587,-0.87817296742809
48.485666024997,9.0115356445312,,,,-1.9003340744456,-0.16783917459626
48.482024984533,9.0115356445312,,,,0.59408433016698,0.088367711501664
48.478383682685,9.0115356445312,,,,-1.9606267869447,-0.24474227371188
48.474742119452,9.0115356445312,,,,-2.1179559317363,-0.23318034898546
48.471100294828,9.0115356445312,,,,-0.68580120799468,-0.070185458878855
48.514784939429,9.0170288085938,,,,1.7368639406571,0.18215701817135
48.511145989879,9.0170288085938,,,,0.41346971649139,0.041626633528121
48.507506778978,9.0170288085938,,,,0.20795155940012,0.020922061030171
48.503867306723,9.0170288085938,,,,3.6270182772594,0.37345235109643
48.500227573111,9.0170288085938,,,,10.978906685005,1.1967019676909
48.496587578136,9.0170288085938,,,,14.066591683555,1.3338208094983
48.492947321795,9.0170288085938,,,,5.8983136232201,0.23753911814269
48.489306804083,9.0170288085938,,,,-1.6366941156804,-0.058321686201435
48.485666024997,9.0170288085938,,,,21.091264389888,1.117402981402
48.482024984533,9.0170288085938,,,,8.2920357515371,0.97776194907549
48.478383682685,9.0170288085938,,,,1.7665606398574,0.18928292587436
48.474742119452,9.0170288085938,,,,-0.66065729927835,-0.066505100730202
48.471100294828,9.0170288085938,,,,-0.29072708867107,-0.029157477552726
48.514784939429,9.0225219726562,,,,6.3204158251217,0.77870201816869
48.511145989879,9.0225219726562,,,,1.097081647183,0.11532497901758
48.507506778978,9.0225219726562,,,,0.28236888920008,0.028919182724532
48.503867306723,9.0225219726562,,,,5.7920791299974,0.62216788483445
48.500227573111,9.0225219726562,,,,19.994413481913,2.0526512453212
48.496587578136,9.0225219726562,,,,53.7493670499,1.652616989629
48.492947321795,9.0225219726562,,,,9.9489540852726,0.91386460568101
48.489306804083,9.0225219726562,,,,-24.998700469351,-0.8965107064902
48.485666024997,9.0225219726562,,,,5.4406974876198,0.41288422812686
48.482024984533,9.0225219726562,,,,6.2253383227048,0.8216695435698
48.478383682685,9.0225219726562,,,,1.7278352444707,0.18197680798625
48.514784939429,9.0280151367188,,,,11.303173560315,0.86187351882314
48.511145989879,9.0280151367188,,,,2.3630924149187,0.2446600491307
48.507506778978,9.0280151367188,,,,2.4399266767642,0.27729777173609
48.503867306723,9.0280151367188,,,,16.093219757939,1.3623838586066
48.500227573111,9.0280151367188,,,,28.581116799836,0.91291889224277
48.496587578136,9.0280151367188,,,,72.260942709962,2.4676544527434
48.492947321795,9.0280151367188,,,,35.552342813097,2.2262699359274
48.489306804083,9.0280151367188,,,,16.733196179601,0.87792262368758
48.485666024997,9.0280151367188,,,,30.224804511897,1.0524413037786
48.482024984533,9.0280151367188,,,,3.4834600746068,0.33612950042979
48.478383682685,9.0280151367188,,,,-1.0391111824472,-0.10955830285235
48.514784939429,9.0335083007812,,,,-3.402292929391,-0.14347033525054
48.511145989879,9.0335083007812,,,,3.0086113871885,0.10880139293716
48.507506778978,9.0335083007812,,,,5.2815765132067,0.32451241978452
48.503867306723,9.0335083007812,,,,18.190771161606,0.56093763432542
48.500227573111,9.0335083007812,,,,152.78404202357,4
48.496587578136,9.0335083007812,,,,88.09382284356,3.0640371313306
48.492947321795,9.0335083007812,,,,80.600083626058,2.9438784336839
48.489306804083,9.0335083007812,,,,47.115788384642,3.2821428040503
48.485666024997,9.0335083007812,,,,-1.1459816126118,-0.034575502219989
48.482024984533,9.0335083007812,,,,-17.959502431159,-0.5025322528034
48.478383682685,9.0335083007812,,,,-4.884526829521,-0.52168515222429
48.514784939429,9.0390014648438,,,,15.560303397931,1.4195128752344
48.511145989879,9.0390014648438,,,,-10.598963030684,-0.67165745199452
48.507506778978,9.0390014648438,,,,18.559484820091,1.0517567918318
48.503867306723,9.0390014648438,,,,7.905310804365,1.0898820997203
48.500227573111,9.0390014648438,,,,17.284355705555,1.9350655936592
48.496587578136,9.0390014648438,,,,32.721144075313,2.9110903335103
48.492947321795,9.0390014648438,,,,36.617303529649,3.879078628022
48.489306804083,9.0390014648438,,,,28.369208279995,3.2865531679399
48.485666024997,9.0390014648438,,,,8.5602153651102,0.86839752481929
48.482024984533,9.0390014648438,,,,-2.9472208902558,-0.33263317197856
48.478383682685,9.0390014648438,,,,-2.747017622601,-0.28400416349872
48.46017325257,9.0390014648438,,,,-0.47575768541574,-0.047803195920038
48.514784939429,9.0444946289062,,,,-6.6736671861968,-0.72054601484493
48.511145989879,9.0444946289062,,,,-10.567421656336,-1.3269825121804
48.507506778978,9.0444946289062,,,,-3.7352796193885,-0.35853247111307
48.503867306723,9.0444946289062,,,,-0.84076117237934,-0.069962706325118
48.500227573111,9.0444946289062,,,,-19.415200222751,-1.2981625265331
48.496587578136,9.0444946289062,,,,-4.1258726242837,-0.62277591087764
48.492947321795,9.0444946289062,,,,6.8962363839211,0.99556974408877
48.489306804083,9.0444946289062,,,,8.3798222617451,0.96782998717785
48.485666024997,9.0444946289062,,,,3.9712454487699,0.43888876587327
48.482024984533,9.0444946289062,,,,2.6268558976253,0.27863423754643
48.478383682685,9.0444946289062,,,,3.5977215839986,0.37256253178533
48.474742119452,9.0444946289062,,,,2.7391991841508,0.27930853423318
48.471100294828,9.0444946289062,,,,1.0180968476059,0.10243541982865
48.463815861391,9.0444946289062,,,,0.044692620365858,0.0045526853257179
48.46017325257,9.0444946289062,,,,-1.3384475895605,-0.14838267629937
48.511145989879,9.0060424804688,,,,-1.3390109824929,-0.14150837741299
48.507506778978,9.0060424804688,,,,-2.9646014069257,-0.41392323324235
48.503867306723,9.0060424804688,,,,1.1582020774577,0.061081264345777
48.500227573111,9.0060424804688,,,,41.704918220697,1.4217397910973
48.496587578136,9.0060424804688,,,,89.250894758276,2.8418575268882
48.492947321795,9.0060424804688,,,,22.553236299485,2.2865273912647
48.489306804083,9.0060424804688,,,,-6.6927486689219,-0.60363103930576
48.485666024997,9.0060424804688,,,,-13.047087997385,-0.65589943495596
48.482024984533,9.0060424804688,,,,-2.6849775907385,-0.32743998309162
48.478383682685,9.0060424804688,,,,-8.1011021623502,-0.56014345345691
48.474742119452,9.0060424804688,,,,-4.9378105017817,-0.39666179367918
48.471100294828,9.0060424804688,,,,-0.88895118852676,-0.093962077676504
48.554796136561,8.9675903320312,13.108397792664,11.634384510009,-1.4740132826556,-10.447772343235,-1.360388236366
48.562067502607,8.9675903320312,,,,9.7825002237279,1.8841328679394
48.558431950232,8.9675903320312,,,,16.695599653506,1.4881974138499
48.551160061589,8.9675903320312,,,,17.773642804219,1.9098065238438
48.547523725312,8.9675903320312,,,,5.5106443068845,0.43062641314496
48.543887127727,8.9675903320312,,,,1.7089802031127,0.20723631811471
48.540250268828,8.9675903320312,,,,-1.4645684139635,-0.1571842878714
48.536613148613,8.9675903320312,,,,-4.7444829640041,-0.34326703482077
48.532975767076,8.9675903320312,,,,-7.7485333620274,-0.22752199837089
48.529338124214,8.9675903320312,,,,-1.6516999212143,-0.073377032842276
48.525700220022,8.9675903320312,,,,-2.3771768469422,-0.14615107311805
48.522062054497,8.9675903320312,,,,-6.9377908868308,-0.36635827617166
48.518423627634,8.9675903320312,,,,-2.0491887991715,-0.28452064600447
48.543887127727,9.0444946289062,13.093438643675,13.389823564493,0.29638492081731,2.1029993340221,0.14616927012821
48.540250268828,9.0444946289062,12.148563043075,10.472134748041,-1.6764282950335,-12.749897380736,-0.87716227244707
48.529338124214,9.0444946289062,29.328318295745,30.098167108042,0.7698488122971,2.5383827905984,0.39804905099192
48.525700220022,9.0444946289062,19.353379376982,18.94979490634,-0.40358447064126,-1.9828867883124,-0.2074285910584
48.522062054497,9.0444946289062,21.293611506797,21.699376052376,0.40576454557914,1.8200933727378,0.15452034658178
48.518423627634,9.0444946289062,14.207310237562,13.891970161372,-0.31534007619004,-2.0736084900218,-0.16224664649628
48.554796136561,9.0444946289062,,,,1.6897037419855,0.17614833916902
48.551160061589,9.0444946289062,,,,6.4350958830887,0.95431397162795
48.547523725312,9.0444946289062,,,,5.8400238930583,0.54340470126247
48.536613148613,9.0444946289062,,,,-6.4421346711885,-0.50389463135092
48.532975767076,9.0444946289062,,,,6.102733651131,0.55038064015749
48.540250268828,9.0499877929688,10.463043669942,10.66813898218,0.20509531223813,1.7891872188879,0.12212817644363
48.529338124214,9.0499877929688,10.844694468008,12.36806647876,1.5233720107528,12.861218285262,1.1706394541979
48.525700220022,9.0499877929688,16.441491100805,14.022398276353,-2.4190928244519,-13.869759245184,-1.1672082342589
48.522062054497,9.0499877929688,28.689711662562,27.812916314227,-0.87679534833519,-2.9531959026763,-0.28623211958564
48.518423627634,9.0499877929688,15.756338407654,15.908829356956,0.15249094930222,0.91004935322007,0.079036587941182
48.562067502607,9.0499877929688,,,,-1.3873679799635,-0.14351206989489
48.558431950232,9.0499877929688,,,,-1.708890010787,-0.17734917950994
48.554796136561,9.0499877929688,,,,3.6439359774316,0.42534220937569
48.551160061589,9.0499877929688,,,,15.064058069144,1.9429999306524
48.547523725312,9.0499877929688,,,,16.824434976361,1.4014025762658
48.543887127727,9.0499877929688,,,,17.683623902493,0.98798059452841
48.536613148613,9.0499877929688,,,,5.710435451915,0.41090750376109
48.532975767076,9.0499877929688,,,,34.061500384884,2.742759181043
48.529338124214,9.0390014648438,21.663187103409,23.276370416806,1.6131833133967,7.1180779033238,0.69994105974776
48.525700220022,9.0390014648438,18.64523263875,17.672163080509,-0.97306955824167,-4.9532096470178,-0.68590807774272
48.522062054497,9.0390014648438,15.05301203976,16.299207636448,1.2461955966885,7.7630016946476,0.69512981634769
48.551160061589,9.0390014648438,,,,1.1266492567655,0.135058140046
48.547523725312,9.0390014648438,,,,0.40106242175299,0.05088841753597
48.543887127727,9.0390014648438,,,,-2.8412942828639,-0.2766432005511
48.540250268828,9.0390014648438,,,,-11.526892341982,-1.0051164034862
48.536613148613,9.0390014648438,,,,-9.772070555447,-0.90451704544201
48.532975767076,9.0390014648438,,,,-14.613180840526,-1.6601453949802
48.518423627634,9.0390014648438,,,,16.202737473542,1.0127943089996
48.525700220022,8.9785766601562,12.520843720406,12.398608280821,-0.12223543958499,-0.90405186327618,-0.059140495203586
48.562067502607,8.9785766601562,,,,0.67011942745987,0.090409359461164
48.558431950232,8.9785766601562,,,,4.8508072647649,0.48902336873315
48.554796136561,8.9785766601562,,,,14.240528937212,1.3799151346912
48.551160061589,8.9785766601562,,,,10.527363692696,1.189264908948
48.547523725312,8.9785766601562,,,,5.4455473890759,0.71620609790989
48.543887127727,8.9785766601562,,,,4.4059782950564,0.46623377716768
48.540250268828,8.9785766601562,,,,7.1993250633351,0.72271848856704
48.536613148613,8.9785766601562,,,,-0.88907389929306,-0.094742834837611
48.532975767076,8.9785766601562,,,,-11.287778871526,-1.2312821520718
48.529338124214,8.9785766601562,,,,-21.795570415318,-1.3617415070932
48.522062054497,8.9785766601562,,,,0.35756981226393,0.036648262224864
48.518423627634,8.9785766601562,,,,-0.32479534540045,-0.051693524898168
48.525700220022,8.9840698242188,14.022392326739,14.543797085967,0.52140475922842,3.4708503671573,0.36665942476693
48.562067502607,8.9840698242188,,,,0.49420765439385,0.052471912437318
48.558431950232,8.9840698242188,,,,2.3456523865622,0.26378259846754
48.554796136561,8.9840698242188,,,,4.5263291066291,0.51649968799373
48.551160061589,8.9840698242188,,,,3.5293749986496,0.38915571214743
48.547523725312,8.9840698242188,,,,2.6801721963188,0.27960249095325
48.543887127727,8.9840698242188,,,,7.3825566685225,0.74548191519563
48.540250268828,8.9840698242188,,,,44.410474249365,4
48.536613148613,8.9840698242188,,,,3.5206961981844,0.36918924804706
48.532975767076,8.9840698242188,,,,-8.2687203040644,-0.80531219272613
48.529338124214,8.9840698242188,,,,-12.613224578644,-0.65747033818638
48.522062054497,8.9840698242188,,,,-2.9902423877642,-0.34942925035697
48.518423627634,8.9840698242188,,,,-4.7035211811454,-0.79472614395775
48.525700220022,9.0335083007812,12.172736567171,11.271708288856,-0.90102827831502,-6.8400994259658,-0.79268552217515
48.551160061589,9.0335083007812,,,,0.17119580426603,0.018210741302872
48.547523725312,9.0335083007812,,,,-1.0890741703202,-0.13820443683774
48.543887127727,9.0335083007812,,,,-3.5212719846746,-0.55727282143953
48.540250268828,9.0335083007812,,,,-4.7540838278722,-0.94607603660747
48.536613148613,9.0335083007812,,,,4.4852562752618,0.42482176528831
48.532975767076,9.0335083007812,,,,4.3573408895776,0.30217175688347
48.529338124214,9.0335083007812,,,,-15.370574014568,-1.4159498584797
48.522062054497,9.0335083007812,,,,2.6185959463876,0.2804600695299
48.518423627634,9.0335083007812,,,,17.866479622164,1.1110187235534
48.562067502607,8.9730834960938,,,,2.5946781374867,0.35174577088809
48.558431950232,8.9730834960938,,,,-0.23889713517769,-0.013795652141438
48.554796136561,8.9730834960938,,,,28.417223123375,1.6383876737407
48.551160061589,8.9730834960938,,,,12.962893348229,0.76302761900227
48.547523725312,8.9730834960938,,,,8.1625299682103,1.0190808598739
48.543887127727,8.9730834960938,,,,2.7993190924802,0.32090880495923
48.540250268828,8.9730834960938,,,,0.35186455545009,0.036149857218908
48.536613148613,8.9730834960938,,,,-3.5516676451797,-0.40353462096682
48.532975767076,8.9730834960938,,,,-7.6919406014022,-0.70567451906632
48.529338124214,8.9730834960938,,,,-8.6788726132829,-0.55015647382078
48.525700220022,8.9730834960938,,,,11.038066151058,0.75352255137606
48.522062054497,8.9730834960938,,,,1.8364830380624,0.20191452970816
48.518423627634,8.9730834960938,,,,0.15781580483837,0.022737627066047
48.551160061589,8.9950561523438,,,,0.96455556168687,0.097882734502935
48.547523725312,8.9950561523438,,,,2.7641482866076,0.29112522461192
48.543887127727,8.9950561523438,,,,4.1503011301426,0.45465759588672
48.540250268828,8.9950561523438,,,,2.8905699649401,0.3146326834269
48.536613148613,8.9950561523438,,,,0.77356718095468,0.081295870266262
48.532975767076,8.9950561523438,,,,-1.1052958530893,-0.13688493179351
48.529338124214,8.9950561523438,,,,-3.3846110735211,-0.55200058658171
48.525700220022,8.9950561523438,,,,-6.2230613286817,-0.77556915605486
48.522062054497,8.9950561523438,,,,-11.602531362614,-1.3865526232913
48.518423627634,8.9950561523438,,,,-7.832436190551,-1.0247763131435
48.551160061589,9.0005493164062,,,,2.6975595895297,0.28429619662334
48.547523725312,9.0005493164062,,,,8.9923953302399,1.1407641354585
48.543887127727,9.0005493164062,,,,13.649195721033,1.4536075007412
48.540250268828,9.0005493164062,,,,2.9888710669011,0.45868960341767
48.536613148613,9.0005493164062,,,,-1.0966520024569,-0.13599465831844
48.532975767076,9.0005493164062,,,,-1.3865327407848,-0.15239892721999
48.529338124214,9.0005493164062,,,,-1.5144137043178,-0.17450988825192
48.525700220022,9.0005493164062,,,,-2.9475857231536,-0.36636261326606
48.522062054497,9.0005493164062,,,,-3.702760191295,-0.43637506949597
48.518423627634,9.0005493164062,,,,-2.3939958948946,-0.25666113879616
48.551160061589,9.0060424804688,,,,3.962068929365,0.43482297751765
48.547523725312,9.0060424804688,,,,14.387423634026,1.2220712804367
48.543887127727,9.0060424804688,,,,34.610275253711,1.5152683485164
48.540250268828,9.0060424804688,,,,-5.8202616653274,-0.37402973847223
48.536613148613,9.0060424804688,,,,-4.7754911551918,-0.63181847011166
48.532975767076,9.0060424804688,,,,-0.25661999152821,-0.028621828162159
48.529338124214,9.0060424804688,,,,1.8623526061322,0.18718195890863
48.525700220022,9.0060424804688,,,,0.70486396952361,0.070566622548627
48.551160061589,9.0115356445312,,,,2.6046056827022,0.28429619662334
48.547523725312,9.0115356445312,,,,5.3081100402429,0.37562874856355
48.543887127727,9.0115356445312,,,,1.3365158335976,0.040541338752833
48.540250268828,9.0115356445312,,,,-16.677619853087,-0.85113303850883
48.536613148613,9.0115356445312,,,,-9.1386115373898,-0.51255915189131
48.532975767076,9.0115356445312,,,,11.534222326476,1.3006789977594
48.529338124214,9.0115356445312,,,,8.2450798324886,0.84941903716428
48.525700220022,9.0115356445312,,,,1.4586221423305,0.14872037887998
48.522062054497,9.0115356445312,,,,-0.046049817292503,-0.0046630086231856
48.518423627634,9.0115356445312,,,,0.061415266347183,0.0061864531428445
48.551160061589,9.0170288085938,,,,0.93530604275168,0.097882734502935
48.547523725312,9.0170288085938,,,,-0.59102449537865,-0.074827900985654
48.543887127727,9.0170288085938,,,,-8.2534757423862,-0.78373569967142
48.540250268828,9.0170288085938,,,,-31.752069142561,-1.3955985497779
48.536613148613,9.0170288085938,,,,-3.2467861337838,-0.17550264534935
48.532975767076,9.0170288085938,,,,84.934696599544,3.2670323565605
48.529338124214,9.0170288085938,,,,12.959261306271,1.534921877102
48.525700220022,9.0170288085938,,,,-3.270092551738,-0.41995696230986
48.522062054497,9.0170288085938,,,,1.2576247239102,0.15824316181763
48.518423627634,9.0170288085938,,,,2.3205732677316,0.26741245958267
48.551160061589,9.0225219726562,,,,-1.7159739810263E-16,-1.7347234759768E-17
48.547523725312,9.0225219726562,,,,-1.8796197331201,-0.20025830958288
48.543887127727,9.0225219726562,,,,-7.195183885552,-0.84580829676408
48.540250268828,9.0225219726562,,,,-12.225555203059,-0.73722119474086
48.536613148613,9.0225219726562,,,,3.4549644637646,0.45682155080997
48.532975767076,9.0225219726562,,,,23.639767099099,1.4447329509207
48.529338124214,9.0225219726562,,,,-4.0064855437545,-0.4953114679626
48.525700220022,9.0225219726562,,,,-21.523751082104,-1.1671433521302
48.522062054497,9.0225219726562,,,,10.970754315006,0.89076791846098
48.518423627634,9.0225219726562,,,,6.1052130580102,0.25933774391025
48.547523725312,8.9895629882812,,,,0.79338473476281,0.079338473476281
48.543887127727,8.9895629882812,,,,3.4829893576345,0.34829893576345
48.540250268828,8.9895629882812,,,,7.3410020188134,0.73410020188134
48.536613148613,8.9895629882812,,,,1.7217638054752,0.17650036723883
48.532975767076,8.9895629882812,,,,-3.6036171879038,-0.55387247865345
48.529338124214,8.9895629882812,,,,-5.0140312786647,-0.51519021611837
48.525700220022,8.9895629882812,,,,-5.6796473850453,-0.51441134425311
48.522062054497,8.9895629882812,,,,-27.939373987617,-1.4805405578394
48.518423627634,8.9895629882812,,,,-12.322189055515,-1.3879485017649
48.547523725312,9.0280151367188,,,,-0.93259299435571,-0.09490865534561
48.543887127727,9.0280151367188,,,,-3.1050393288567,-0.33062389817192
48.540250268828,9.0280151367188,,,,-5.7463859953231,-0.32957396796052
48.536613148613,9.0280151367188,,,,3.2825479012379,0.49925859302796
48.532975767076,9.0280151367188,,,,0.969941760149,0.1135184152499
48.529338124214,9.0280151367188,,,,-10.941075799229,-1.3221567292417
48.525700220022,9.0280151367188,,,,-17.925941584236,-1.3284512781481
48.522062054497,9.0280151367188,,,,2.4175278878428,0.11871133305021
48.518423627634,9.0280151367188,,,,33.329486459444,1.423545481524
48.514784939429,9.0554809570312,19.510930495092,16.363844638915,-3.1470858561763,-15.343457269915,-1.7213549651061
48.511145989879,9.0554809570312,18.946096309811,18.781397036779,-0.1646992730314,-0.82572183786351,-0.11974166532907
48.507506778978,9.0554809570312,17.205804104957,16.382657347803,-0.82314675715439,-4.5213424928057,-0.4437026471293
48.503867306723,9.0554809570312,15.580858682701,16.457345631291,0.87648694858983,5.2861372584054,0.42846470461743
48.500227573111,9.0554809570312,,,,15.617539785579,1.6414051940893
48.496587578136,9.0554809570312,,,,2.2015314691121,0.1529033613137
48.492947321795,9.0554809570312,,,,5.8275513137183,0.9507436038777
48.489306804083,9.0554809570312,,,,4.3513550886575,0.49120982902017
48.485666024997,9.0554809570312,,,,5.5701444523484,0.59129434210111
48.482024984533,9.0554809570312,,,,23.402710417245,2.736941358415
48.478383682685,9.0554809570312,,,,83.034530822484,2.9053839614754
48.474742119452,9.0554809570312,,,,22.505477192788,2.6462688155704
48.471100294828,9.0554809570312,,,,2.4377549491518,0.25530059307514
48.463815861391,9.0554809570312,,,,-2.2373149865065,-0.24829078298631
48.46017325257,9.0554809570312,,,,-4.6988627896354,-0.39369453748391
48.514784939429,9.0609741210938,20.039254230872,19.836124438293,-0.2031297925792,-0.96548000394965,-0.10832596842
48.511145989879,9.0609741210938,25.185176663823,26.870220320748,1.6850436569255,6.4351051686948,0.74713931084935
48.507506778978,9.0609741210938,12.672128865418,12.884252718582,0.21212385316439,1.5515056598167,0.14971130816449
48.503867306723,9.0609741210938,,,,1.6107033136497,0.14851787737605
48.500227573111,9.0609741210938,,,,4.7766706445126,0.30668229348291
48.496587578136,9.0609741210938,,,,-10.937189804682,-0.54120014272075
48.492947321795,9.0609741210938,,,,29.152569467297,1.2223013721288
48.489306804083,9.0609741210938,,,,9.7700646340962,1.0339189239278
48.485666024997,9.0609741210938,,,,4.4670685958658,0.497291319096
48.482024984533,9.0609741210938,,,,11.548322747686,1.2598402329184
48.478383682685,9.0609741210938,,,,22.924712427569,2.6863706563248
48.474742119452,9.0609741210938,,,,8.5189966259537,0.95122163018576
48.471100294828,9.0609741210938,,,,-8.3845848125887,-0.39250337403944
48.467458208808,9.0609741210938,,,,-4.8701289473888,-0.51815753914776
48.463815861391,9.0609741210938,,,,-5.0374605103348,-0.56413740415898
48.46017325257,9.0609741210938,,,,-12.712530924162,-0.47636316671085
48.514784939429,9.0664672851562,29.109608772262,34.173217790369,5.0636090181074,16.817252779359,3.4691782544518
48.511145989879,9.0664672851562,31.226961469796,33.505215002692,2.278253532896,7.0694022302762,1.0674247184104
48.507506778978,9.0664672851562,,,,4.9986336417845,0.95101671358128
48.503867306723,9.0664672851562,,,,1.8665520758366,0.30108486242657
48.500227573111,9.0664672851562,,,,-14.805403149753,-0.67154775623135
48.496587578136,9.0664672851562,,,,-14.470419245357,-0.67220369576632
48.492947321795,9.0664672851562,,,,48.657500498214,1.7660344255742
48.489306804083,9.0664672851562,,,,-0.87867025178282,-0.026029099981108
48.485666024997,9.0664672851562,,,,1.5892006681827,0.17738668966627
48.482024984533,9.0664672851562,,,,2.1863075158205,0.22673413966109
48.478383682685,9.0664672851562,,,,3.5824831149893,0.37103908726567
48.474742119452,9.0664672851562,,,,-2.4489333485633,-0.26498322168672
48.471100294828,9.0664672851562,,,,-21.982468385982,-0.84255137966913
48.467458208808,9.0664672851562,,,,-12.174286241235,-1.2715071794326
48.463815861391,9.0664672851562,,,,-6.1205570599632,-0.68713320874953
48.46017325257,9.0664672851562,,,,-3.9143333636776,-0.44160868300622
48.514784939429,9.0719604492188,30.638102719667,25.084059046395,-5.5540436732719,-17.554920162199,-1.4519452695902
48.511145989879,9.0719604492188,23.004028949336,24.229264476411,1.2252355270756,5.104291157379,1.3762582799488
48.507506778978,9.0719604492188,17.284128285188,17.844807509755,0.56067922456763,3.0664804787103,0.40325586183604
48.503867306723,9.0719604492188,,,,3.2312822220017,0.53369600812635
48.500227573111,9.0719604492188,,,,-2.4829760563106,-0.3834021738763
48.496587578136,9.0719604492188,,,,5.6179201402358,0.57977083494857
48.492947321795,9.0719604492188,,,,45.528445775879,1.6716003603532
48.489306804083,9.0719604492188,,,,11.839595336076,1.1651792227307
48.485666024997,9.0719604492188,,,,1.9130823364239,0.20760786316494
48.482024984533,9.0719604492188,,,,-0.43234958786616,-0.044004433531638
48.478383682685,9.0719604492188,,,,0.32499520861536,0.033173728473346
48.474742119452,9.0719604492188,,,,-0.83456912217761,-0.089226116458958
48.471100294828,9.0719604492188,,,,-6.1589130595118,-0.73879946528455
48.467458208808,9.0719604492188,,,,-20.323522850697,-0.52192651649751
48.463815861391,9.0719604492188,,,,-6.3882368191261,-0.64976133703952
48.46017325257,9.0719604492188,,,,-0.37518818443031,-0.047169251962765
48.511145989879,9.0774536132812,22.283979062896,20.753984344355,-1.529994718541,-6.571019130399,-0.45803076219103
48.514784939429,9.0774536132812,,,,-8.6479106843299,-0.9004586977457
48.507506778978,9.0774536132812,,,,12.646160685423,1.1919813489503
48.503867306723,9.0774536132812,,,,7.4020906136468,1.1267973713284
48.500227573111,9.0774536132812,,,,4.9971143641349,0.66596307426599
48.496587578136,9.0774536132812,,,,7.474048402363,0.85080855508892
48.492947321795,9.0774536132812,,,,12.902490969265,1.5029680395228
48.489306804083,9.0774536132812,,,,6.4351218181123,0.69776500343496
48.485666024997,9.0774536132812,,,,1.3928666151297,0.14285857950411
48.482024984533,9.0774536132812,,,,-0.091442572830072,-0.0093228591836559
48.478383682685,9.0774536132812,,,,2.0561038363089,0.22194845554973
48.474742119452,9.0774536132812,,,,7.4272821774892,0.88706871187114
48.471100294828,9.0774536132812,,,,13.703549663753,1.6568865029911
48.467458208808,9.0774536132812,,,,1.6376930189963,0.16821592787921
48.463815861391,9.0774536132812,,,,-3.103684295018,-0.37639683309921
48.46017325257,9.0774536132812,,,,-3.2140784495663,-0.45089398596746
48.478383682685,9.1378784179688,15.937810896548,17.200569774323,1.2627588777743,7.4552661231546,0.43907203742185
48.474742119452,9.1378784179688,11.898740982314,11.663294820458,-0.23544616185565,-1.8253421956336,-0.17440961290174
48.514784939429,9.1378784179688,,,,-5.5636708527476,-0.7254710268132
48.511145989879,9.1378784179688,,,,-3.2005866833728,-0.4808293762114
48.507506778978,9.1378784179688,,,,-0.7586369524084,-0.10611442972324
48.503867306723,9.1378784179688,,,,4.003104774029,0.44276752116586
48.500227573111,9.1378784179688,,,,12.293556065698,1.221831313056
48.496587578136,9.1378784179688,,,,3.7741396649846,0.31306116676462
48.492947321795,9.1378784179688,,,,14.598210998393,0.40888043510655
48.489306804083,9.1378784179688,,,,4.111964468352,0.51658139893502
48.485666024997,9.1378784179688,,,,5.0974988941684,0.85945110794748
48.482024984533,9.1378784179688,,,,-4.7701150552298,-0.66531353842052
48.471100294828,9.1378784179688,,,,0.54196964262929,0.073658657472528
48.467458208808,9.1378784179688,,,,6.1708493226959,1.0746915757481
48.463815861391,9.1378784179688,,,,15.266688480298,1.6066077552817
48.46017325257,9.1378784179688,,,,6.1860981228692,0.65822707307346
48.474742119452,9.1323852539062,14.182927280251,14.132320372092,-0.05060690815913,-0.33331456592667,-0.018381374997807
48.514784939429,9.1323852539062,,,,-0.16233658265283,-0.019130149186392
48.511145989879,9.1323852539062,,,,-1.3393927307716,-0.15820328029054
48.507506778978,9.1323852539062,,,,-1.3089400454262,-0.13549704179678
48.503867306723,9.1323852539062,,,,1.3960088570023,0.079363526822129
48.500227573111,9.1323852539062,,,,44.48066362906,1.7180423870078
48.496587578136,9.1323852539062,,,,9.2980327981911,0.84566667148455
48.492947321795,9.1323852539062,,,,-21.410174025234,-0.85845339685353
48.489306804083,9.1323852539062,,,,-4.9627696029675,-0.68136750573101
48.485666024997,9.1323852539062,,,,-1.1487420781036,-0.18286429645745
48.482024984533,9.1323852539062,,,,-2.1669568867158,-0.21798397469111
48.478383682685,9.1323852539062,,,,-6.0779469248175,-0.29458865253699
48.471100294828,9.1323852539062,,,,13.858958535482,1.010848792653
48.467458208808,9.1323852539062,,,,14.517179764754,1.8730383272024
48.463815861391,9.1323852539062,,,,83.962732759963,4
48.46017325257,9.1323852539062,,,,12.022343208682,1.2752082325014
48.514784939429,9.0829467773438,,,,4.5801768562769,0.2953151551855
48.511145989879,9.0829467773438,,,,-12.159611203316,-0.59079822236204
48.507506778978,9.0829467773438,,,,0.33125680117678,0.029826368395908
48.503867306723,9.0829467773438,,,,6.7315647342942,0.93039789110659
48.500227573111,9.0829467773438,,,,12.258760552119,1.1236987741061
48.496587578136,9.0829467773438,,,,15.169652504648,1.3455503043674
48.492947321795,9.0829467773438,,,,8.4541585783165,0.94123156410032
48.489306804083,9.0829467773438,,,,2.6130839404591,0.26879677504777
48.485666024997,9.0829467773438,,,,0.38531175965173,0.038697825268602
48.482024984533,9.0829467773438,,,,0.09882319544572,0.010112162267852
48.478383682685,9.0829467773438,,,,3.0628557540631,0.35870775773592
48.474742119452,9.0829467773438,,,,11.432240431293,0.41980772060674
48.471100294828,9.0829467773438,,,,79.745012057596,3.9247823344295
48.467458208808,9.0829467773438,,,,12.619558604701,1.8642844837181
48.463815861391,9.0829467773438,,,,-1.8398948643298,-0.17637284375008
48.46017325257,9.0829467773438,,,,-6.592425733587,-0.62981937024142
48.514784939429,9.0884399414062,,,,-0.35937524728629,-0.041429947008927
48.511145989879,9.0884399414062,,,,-3.8675791738593,-0.32868353553286
48.507506778978,9.0884399414062,,,,-0.43848387217911,-0.05610027900052
48.503867306723,9.0884399414062,,,,7.9925102522326,0.8802913570652
48.500227573111,9.0884399414062,,,,23.078821707852,0.86103293589262
48.496587578136,9.0884399414062,,,,40.479235447565,1.3417694200064
48.492947321795,9.0884399414062,,,,9.0634233386253,0.93114405203014
48.489306804083,9.0884399414062,,,,0.39718163178051,0.042669981473524
48.485666024997,9.0884399414062,,,,-0.27839793510838,-0.028070034891626
48.482024984533,9.0884399414062,,,,0.37836221581269,0.038889824404872
48.478383682685,9.0884399414062,,,,2.3756525562598,0.26781974407573
48.474742119452,9.0884399414062,,,,5.9341539620044,0.60844746938565
48.471100294828,9.0884399414062,,,,0.56880584033319,0.022287898344994
48.467458208808,9.0884399414062,,,,8.1975354162747,0.78340056389503
48.463815861391,9.0884399414062,,,,-3.1578877241296,-0.16337345527953
48.46017325257,9.0884399414062,,,,-6.9643129243544,-0.40568133398113
48.514784939429,9.0939331054688,,,,-0.19289600771614,-0.021429608197016
48.511145989879,9.0939331054688,,,,1.6536436676592,0.17477683053878
48.507506778978,9.0939331054688,,,,5.3570397033658,0.56619267847271
48.503867306723,9.0939331054688,,,,11.214168171213,1.4553382593943
48.500227573111,9.0939331054688,,,,13.548845517384,1.4680512655184
48.496587578136,9.0939331054688,,,,1.7522340965073,0.23848728952427
48.492947321795,9.0939331054688,,,,-5.1843504933878,-0.23991564579957
48.489306804083,9.0939331054688,,,,-0.14559687686922,-0.018167701967905
48.485666024997,9.0939331054688,,,,2.7278486758872,0.3100285577547
48.482024984533,9.0939331054688,,,,5.0355611183016,0.48146467695681
48.478383682685,9.0939331054688,,,,8.6227992058001,0.98567143333609
48.474742119452,9.0939331054688,,,,6.434377119802,0.78099403356711
48.471100294828,9.0939331054688,,,,8.8836114624107,1.0123535162291
48.467458208808,9.0939331054688,,,,38.447021617752,3.2369540776262
48.463815861391,9.0939331054688,,,,8.1139522638297,0.34625927629151
48.46017325257,9.0939331054688,,,,8.0355346878289,0.49247797366765
48.514784939429,9.0994262695312,,,,2.2213348605356,0.22711395507679
48.511145989879,9.0994262695312,,,,9.5228330052044,0.96508607840251
48.507506778978,9.0994262695312,,,,22.635675553608,2.3620172577287
48.503867306723,9.0994262695312,,,,21.062833777463,2.8493886803558
48.500227573111,9.0994262695312,,,,39.173344048461,1.9866333289419
48.496587578136,9.0994262695312,,,,-11.047287190754,-0.82050910468548
48.492947321795,9.0994262695312,,,,-3.5830340441019,-0.2009373781
48.489306804083,9.0994262695312,,,,3.7645703631213,0.32979217649891
48.485666024997,9.0994262695312,,,,9.2889482301379,0.61385363658863
48.482024984533,9.0994262695312,,,,11.602142116273,0.33522920778194
48.478383682685,9.0994262695312,,,,33.523744746778,1.0621012956182
48.474742119452,9.0994262695312,,,,13.127589672982,1.5569036765951
48.471100294828,9.0994262695312,,,,3.9378948616717,0.50485965266706
48.467458208808,9.0994262695312,,,,-2.0321685397232,-0.19198758389036
48.463815861391,9.0994262695312,,,,-14.157981457322,-1.0234631281952
48.46017325257,9.0994262695312,,,,8.5468828324774,0.6575962941868
48.514784939429,9.1049194335938,,,,4.5802894451237,0.49854895058075
48.511145989879,9.1049194335938,,,,19.584209221437,2.0243472959149
48.507506778978,9.1049194335938,,,,110.02376279083,4
48.503867306723,9.1049194335938,,,,22.31421244132,2.8165887833083
48.500227573111,9.1049194335938,,,,9.9481068577862,0.61613975447602
48.496587578136,9.1049194335938,,,,16.6429932642,0.73190061363342
48.492947321795,9.1049194335938,,,,23.922077367693,1.139863458508
48.489306804083,9.1049194335938,,,,6.0903191360402,0.28095014476187
48.485666024997,9.1049194335938,,,,12.422647283465,0.52080173309611
48.482024984533,9.1049194335938,,,,42.016355174874,1.8357513917538
48.478383682685,9.1049194335938,,,,44.822794551157,1.3205325434658
48.474742119452,9.1049194335938,,,,17.965040957316,1.6488548464767
48.471100294828,9.1049194335938,,,,3.0352706710851,0.36175476629161
48.467458208808,9.1049194335938,,,,-2.1965527773422,-0.24248812619249
48.463815861391,9.1049194335938,,,,1.3856506833647,0.071905261177634
48.46017325257,9.1049194335938,,,,42.241958821465,2.8948631827301
48.514784939429,9.1104125976562,,,,3.0027702130614,0.16942325411271
48.511145989879,9.1104125976562,,,,10.547940067587,1.1127482339952
48.507506778978,9.1104125976562,,,,20.218373498344,2.0843459728353
48.503867306723,9.1104125976562,,,,9.1057872951325,1.0263235042112
48.500227573111,9.1104125976562,,,,4.7983735323596,0.65743757018492
48.496587578136,9.1104125976562,,,,-1.7989960159879,-0.12519239451418
48.492947321795,9.1104125976562,,,,-1.9413212985136,-0.36374158469184
48.489306804083,9.1104125976562,,,,-16.075892064705,-1.5710460019169
48.485666024997,9.1104125976562,,,,19.44296104254,0.81281790326892
48.482024984533,9.1104125976562,,,,17.733051510194,0.64775548889884
48.478383682685,9.1104125976562,,,,20.817260693397,1.6889218383011
48.474742119452,9.1104125976562,,,,26.047606993474,2.8896329142773
48.471100294828,9.1104125976562,,,,12.03316009218,1.3752850904226
48.467458208808,9.1104125976562,,,,3.8274180727399,0.48438757074732
48.463815861391,9.1104125976562,,,,15.112065932869,1.2878594433871
48.46017325257,9.1104125976562,,,,75.024066431514,4
48.514784939429,9.1159057617188,,,,11.80188869814,1.8068328424093
48.511145989879,9.1159057617188,,,,9.7121232093541,1.0624772375466
48.507506778978,9.1159057617188,,,,3.1197623812379,0.34424446666696
48.503867306723,9.1159057617188,,,,-4.8016471120293,-0.36795606199153
48.500227573111,9.1159057617188,,,,-0.34102051389757,-0.043147922810206
48.496587578136,9.1159057617188,,,,-1.6053705379699,-0.21257265760455
48.492947321795,9.1159057617188,,,,-4.4090251893181,-0.62179465515185
48.489306804083,9.1159057617188,,,,-5.6135131334911,-0.24408106100737
48.485666024997,9.1159057617188,,,,-12.016780442746,-0.42268409455858
48.482024984533,9.1159057617188,,,,-3.2586200001866,-0.1293302726734
48.478383682685,9.1159057617188,,,,1.8137293185394,0.051514083242202
48.474742119452,9.1159057617188,,,,89.498371276831,3.4704288241734
48.471100294828,9.1159057617188,,,,32.605668055106,3.6583943409131
48.467458208808,9.1159057617188,,,,8.6222998770134,0.92915870722409
48.463815861391,9.1159057617188,,,,8.0775128837822,0.75243778898363
48.46017325257,9.1159057617188,,,,25.102461078606,3.1352472728449
48.514784939429,9.1213989257812,,,,69.038913031727,4
48.511145989879,9.1213989257812,,,,15.68174578107,1.8231323936844
48.507506778978,9.1213989257812,,,,-0.5363398200629,-0.072080663297675
48.503867306723,9.1213989257812,,,,-2.4027022495554,-0.2694629302219
48.500227573111,9.1213989257812,,,,0.950507669443,0.11446360231562
48.496587578136,9.1213989257812,,,,0.042605587405919,0.0065030259675392
48.492947321795,9.1213989257812,,,,-3.4452092164726,-0.44675913795766
48.489306804083,9.1213989257812,,,,-5.1162349200185,-0.66082445106701
48.485666024997,9.1213989257812,,,,-6.8189023816353,-0.63584267165517
48.482024984533,9.1213989257812,,,,0.090220145519533,0.0095473171360588
48.478383682685,9.1213989257812,,,,27.213648365476,1.9845334513386
48.474742119452,9.1213989257812,,,,131.99343062057,3.6083008514341
48.471100294828,9.1213989257812,,,,32.380213562562,2.2069731170568
48.467458208808,9.1213989257812,,,,9.2826938235876,1.1104735141943
48.463815861391,9.1213989257812,,,,4.3917833004679,0.45690438581316
48.46017325257,9.1213989257812,,,,5.3308092452503,0.55566207418796
48.514784939429,9.1268920898438,,,,12.360969806306,1.7178390651761
48.511145989879,9.1268920898438,,,,4.981001971062,0.5924678165375
48.507506778978,9.1268920898438,,,,-6.7340447226555,-0.30516746431074
48.503867306723,9.1268920898438,,,,-5.0734775716485,-0.23826329590013
48.500227573111,9.1268920898438,,,,4.8963515506606,0.29180164715628
48.496587578136,9.1268920898438,,,,3.9366762121053,0.36316061193394
48.492947321795,9.1268920898438,,,,-8.1178901920493,-0.55153634119962
48.489306804083,9.1268920898438,,,,-5.7705695264908,-0.66712261560779
48.485666024997,9.1268920898438,,,,-3.7750242451254,-0.44488731905631
48.482024984533,9.1268920898438,,,,-0.92447540675267,-0.11049625236701
48.478383682685,9.1268920898438,,,,4.6165028450679,0.31526704192539
48.474742119452,9.1268920898438,,,,11.251406472426,0.72840114764023
48.471100294828,9.1268920898438,,,,5.6570333828782,0.29914718157346
48.467458208808,9.1268920898438,,,,10.172543186718,1.3517083438979
48.463815861391,9.1268920898438,,,,14.76623047283,1.5728159165645
48.46017325257,9.1268920898438,,,,5.0866403522053,0.52556779979051
48.547523725312,9.0554809570312,10.30128254834,13.829576010603,3.5282934622636,31.220292450629,2.2612965903784
48.543887127727,9.0554809570312,14.008200157742,15.430418342025,1.4222181842826,9.4762740990563,0.80792441980329
48.540250268828,9.0554809570312,13.896474405837,11.445534551075,-2.4509398547617,-16.453153867074,-3.0539388969895
48.525700220022,9.0554809570312,10.33805276162,10.313588405951,-0.024464355668593,-0.21577210992885,-0.021239594487845
48.522062054497,9.0554809570312,26.890363396849,24.955774242152,-1.9345891546979,-6.9364071280492,-0.67168068123121
48.518423627634,9.0554809570312,21.542010241536,20.506336415994,-1.0356738255425,-4.5944164448747,-0.53467174858703
48.562067502607,9.0554809570312,,,,-6.3187283992679,-0.5382072496718
48.558431950232,9.0554809570312,,,,-7.5606682116294,-0.68947752477382
48.554796136561,9.0554809570312,,,,3.0275301507265,0.40585376050568
48.551160061589,9.0554809570312,,,,17.240596247982,1.3014904199982
48.536613148613,9.0554809570312,,,,10.329942527234,1.0399340432516
48.532975767076,9.0554809570312,,,,44.255578397558,3.4303634326278
48.529338124214,9.0554809570312,,,,31.457566551555,3.3375968891641
48.543887127727,9.0609741210938,20.308829263925,19.946844058804,-0.36198520512179,-1.6987568891671,-0.27371924309901
48.540250268828,9.0609741210938,21.787199415226,15.153466624375,-6.6337327908512,-29.11166339475,-2.2023176376218
48.529338124214,9.0609741210938,11.200215153201,12.134595887186,0.9343807339856,7.658723409812,0.73258146780296
48.518423627634,9.0609741210938,18.911876266995,13.665221152043,-5.2466551149523,-26.349375842842,-2.3104057136054
48.562067502607,9.0609741210938,,,,-17.699398810727,-0.43502366873253
48.558431950232,9.0609741210938,,,,-22.94598070769,-0.66645080017503
48.554796136561,9.0609741210938,,,,-1.1316878171242,-0.13752566281635
48.551160061589,9.0609741210938,,,,12.196411064794,1.3824997001916
48.547523725312,9.0609741210938,,,,9.5647349544657,0.71073871193034
48.536613148613,9.0609741210938,,,,-12.148243694587,-1.2009955231262
48.532975767076,9.0609741210938,,,,15.885380075046,1.3857502820886
48.525700220022,9.0609741210938,,,,-20.138419850717,-1.5962976184524
48.522062054497,9.0609741210938,,,,-29.879480024799,-3.6572261836495
48.532975767076,9.0829467773438,11.901189037133,11.601718292033,-0.29947074509954,-2.3212646852751,-0.21279559203039
48.529338124214,9.0829467773438,11.785867216735,13.586410256359,1.8005430396237,14.082291088297,1.875574876425
48.525700220022,9.0829467773438,10.629945297809,12.444821806734,1.8148765089249,15.605202453246,1.1540378399142
48.547523725312,9.0829467773438,,,,-0.53689941306404,-0.053979758311955
48.543887127727,9.0829467773438,,,,-2.485201217692,-0.28592911642954
48.540250268828,9.0829467773438,,,,-5.9112474925707,-0.72122492985018
48.536613148613,9.0829467773438,,,,-9.3494842082626,-0.6287659300391
48.522062054497,9.0829467773438,,,,-15.140079344815,-0.49516768869323
48.518423627634,9.0829467773438,,,,-3.1089653983707,-0.19435989659133
48.529338124214,9.0664672851562,10.897854347352,14.396440159547,3.4985858121945,29.405182733416,1.8466698450883
48.518423627634,9.0664672851562,23.983104579644,22.694471546413,-1.2886330332306,-5.1580180082205,-0.4948675104235
48.562067502607,9.0664672851562,,,,-6.3187283992679,-0.5382072496718
48.558431950232,9.0664672851562,,,,-7.3790589959059,-0.67610805525131
48.554796136561,9.0664672851562,,,,-1.1524337567732,-0.13690385199109
48.551160061589,9.0664672851562,,,,5.0829638646226,0.80578932983222
48.547523725312,9.0664672851562,,,,2.6760351648845,0.28494408455389
48.543887127727,9.0664672851562,,,,3.8318185222821,0.26487610385008
48.540250268828,9.0664672851562,,,,3.2391707542265,0.2269955907536
48.536613148613,9.0664672851562,,,,-2.1225636291097,-0.18603638789754
48.532975767076,9.0664672851562,,,,22.948291381242,1.8731893720959
48.525700220022,9.0664672851562,,,,-3.2694948085505,-0.23296296063815
48.522062054497,9.0664672851562,,,,-18.024396695195,-1.1452852417084
48.529338124214,9.0774536132812,10.98209315223,12.106782608508,1.1246894562781,9.3864189001803,0.62633956230285
48.551160061589,9.0774536132812,,,,0.14061765756658,0.014310521573814
48.547523725312,9.0774536132812,,,,1.2175137909807,0.12959584919609
48.543887127727,9.0774536132812,,,,1.5461817904197,0.19569158648541
48.540250268828,9.0774536132812,,,,0.60353555224781,0.073889514192751
48.536613148613,9.0774536132812,,,,6.2709470641282,0.44068651988866
48.532975767076,9.0774536132812,,,,3.7288032827899,0.25446721027839
48.525700220022,9.0774536132812,,,,17.854906991184,1.3014991404148
48.522062054497,9.0774536132812,,,,-10.009424482006,-0.83472634982863
48.518423627634,9.0774536132812,,,,-7.9311402069756,-0.64385360465823
48.518423627634,9.0719604492188,17.048311536521,19.511901649387,2.4635901128665,13.649975555228,2.0795476044782
48.562067502607,9.0719604492188,,,,-1.3873679799635,-0.14351206989489
48.558431950232,9.0719604492188,,,,-1.5206751812468,-0.15751456114087
48.554796136561,9.0719604492188,,,,-0.7584726107773,-0.079120984944061
48.551160061589,9.0719604492188,,,,0.67158328133156,0.081192102873812
48.547523725312,9.0719604492188,,,,1.2038595676918,0.18903108118155
48.543887127727,9.0719604492188,,,,0.9279680681629,0.099963922012746
48.540250268828,9.0719604492188,,,,-0.8569476110456,-0.082299085722507
48.536613148613,9.0719604492188,,,,-13.845888120793,-0.69635470672155
48.532975767076,9.0719604492188,,,,-7.3563608241299,-0.37594845847294
48.529338124214,9.0719604492188,,,,-1.9223399494574,-0.10443536727878
48.525700220022,9.0719604492188,,,,6.7347587896984,0.86875160272559
48.522062054497,9.0719604492188,,,,15.272341593678,1.2691505175191
48.562067502607,9.0939331054688,,,,-1.7585084147882,-0.17899854597209
48.558431950232,9.0939331054688,,,,-7.9756212720011,-0.77175060652809
48.554796136561,9.0939331054688,,,,-29.933526858994,-0.73216859327162
48.551160061589,9.0939331054688,,,,1.5534170592976,0.12083972431227
48.547523725312,9.0939331054688,,,,3.469468329274,0.39316892411596
48.543887127727,9.0939331054688,,,,-1.6207131024374,-0.24728849494931
48.540250268828,9.0939331054688,,,,-11.602019796615,-1.1484361911364
48.536613148613,9.0939331054688,,,,-24.03270510167,-1.052757495025
48.532975767076,9.0939331054688,,,,-0.19395459416768,-0.012134837708064
48.529338124214,9.0939331054688,,,,-8.3954323321638,-0.89275571446606
48.525700220022,9.0939331054688,,,,-8.298961778371,-1.7307611284377
48.522062054497,9.0939331054688,,,,-14.717415935186,-0.63551909616217
48.518423627634,9.0939331054688,,,,-5.0367347988041,-0.62718827135262
48.562067502607,9.0994262695312,,,,-1.7757752112948,-0.18078790798449
48.558431950232,9.0994262695312,,,,-5.5180195516696,-0.62412886244904
48.554796136561,9.0994262695312,,,,-3.8199968112469,-0.34068083824932
48.551160061589,9.0994262695312,,,,22.612563940924,0.92655895703024
48.547523725312,9.0994262695312,,,,6.048643920778,0.35521857110721
48.543887127727,9.0994262695312,,,,0.89027579135855,0.065729883326077
48.540250268828,9.0994262695312,,,,-1.0137494214516,-0.15509705063542
48.536613148613,9.0994262695312,,,,-10.572043701264,-0.92864001301395
48.532975767076,9.0994262695312,,,,-5.2922867803295,-0.68418415322712
48.529338124214,9.0994262695312,,,,-4.6286601552117,-0.67737412892452
48.525700220022,9.0994262695312,,,,-4.5766715097704,-0.5627472294118
48.522062054497,9.0994262695312,,,,-4.7213388153101,-0.53411018161236
48.518423627634,9.0994262695312,,,,-1.3265469818968,-0.14056847340008
48.562067502607,9.1049194335938,,,,-1.5951681710923,-0.16210262661347
48.558431950232,9.1049194335938,,,,-6.2126437722058,-0.65039981163197
48.554796136561,9.1049194335938,,,,-19.777264451606,-0.62943542150316
48.551160061589,9.1049194335938,,,,-5.8454027309191,-0.29143468868415
48.547523725312,9.1049194335938,,,,0.13165390329623,0.011527911770358
48.543887127727,9.1049194335938,,,,65.000114260007,4
48.540250268828,9.1049194335938,,,,13.265642574436,1.8521836656009
48.536613148613,9.1049194335938,,,,-6.9320749456395,-0.33793479541176
48.532975767076,9.1049194335938,,,,-1.5955409465145,-0.18581318208437
48.529338124214,9.1049194335938,,,,3.7357354794964,0.43029425655062
48.525700220022,9.1049194335938,,,,4.9170409404398,0.59782292266019
48.522062054497,9.1049194335938,,,,2.8396863303362,0.16654154964426
48.518423627634,9.1049194335938,,,,5.1250860758871,0.5585434263304
48.562067502607,9.1104125976562,,,,-0.88657587983269,-0.089450635744133
48.558431950232,9.1104125976562,,,,-2.2384824002931,-0.25115448971681
48.554796136561,9.1104125976562,,,,-0.36547930390278,-0.025293437867775
48.551160061589,9.1104125976562,,,,16.92182956423,0.93356384992607
48.547523725312,9.1104125976562,,,,21.783647980376,1.2943401749398
48.543887127727,9.1104125976562,,,,11.282698148326,1.0129991651848
48.540250268828,9.1104125976562,,,,-0.61083519214294,-0.03833224012108
48.536613148613,9.1104125976562,,,,-6.2636660201816,-0.26644223942655
48.532975767076,9.1104125976562,,,,9.595344903789,1.1375707226624
48.529338124214,9.1104125976562,,,,23.481637734031,2.1571892820347
48.525700220022,9.1104125976562,,,,18.449783085756,1.8929305499986
48.522062054497,9.1104125976562,,,,17.081693702975,1.1578443702285
48.518423627634,9.1104125976562,,,,20.002268783985,0.66170524719937
48.562067502607,9.1159057617188,,,,-0.33812932073408,-0.033927651410664
48.558431950232,9.1159057617188,,,,-0.095441714726834,-0.010060247073431
48.554796136561,9.1159057617188,,,,1.4423924545741,0.19467197522095
48.551160061589,9.1159057617188,,,,0.31773574774692,0.037606371390393
48.547523725312,9.1159057617188,,,,-18.4688439229,-1.1901723117416
48.543887127727,9.1159057617188,,,,-13.94833745916,-0.45819075794703
48.540250268828,9.1159057617188,,,,-7.4517659873246,-0.43399335970341
48.536613148613,9.1159057617188,,,,-1.0646423972742,-0.12246682391962
48.532975767076,9.1159057617188,,,,17.552810766557,1.8926164192537
48.529338124214,9.1159057617188,,,,57.501739352471,2.077844970239
48.525700220022,9.1159057617188,,,,30.924129841961,1.601748748744
48.522062054497,9.1159057617188,,,,-2.6504591049123,-0.18418379099998
48.518423627634,9.1159057617188,,,,0.33599005369686,0.036877591955232
48.558431950232,9.0884399414062,,,,-3.7228269917134,-0.38984681644714
48.554796136561,9.0884399414062,,,,-6.8564681068662,-0.64672987772474
48.551160061589,9.0884399414062,,,,-1.8551137367706,-0.20939558624914
48.547523725312,9.0884399414062,,,,0.24087236044534,0.027225570158695
48.543887127727,9.0884399414062,,,,-3.5900581918193,-0.43470739920505
48.540250268828,9.0884399414062,,,,-11.509109434966,-0.90469855714443
48.536613148613,9.0884399414062,,,,-8.1885785595477,-0.59607991333096
48.532975767076,9.0884399414062,,,,7.219211438957,0.50043026824907
48.529338124214,9.0884399414062,,,,1.5413290406311,0.10079725034762
48.525700220022,9.0884399414062,,,,-11.998402291523,-1.0744760224348
48.522062054497,9.0884399414062,,,,-11.522474746361,-0.55507728286415
48.518423627634,9.0884399414062,,,,-8.1140250908748,-0.66893450096938
48.558431950232,9.1213989257812,,,,0.36178570962835,0.036638971137963
48.554796136561,9.1213989257812,,,,-0.0080484800217339,-0.00089076042485467
48.551160061589,9.1213989257812,,,,-3.7223403231352,-0.50238103366066
48.547523725312,9.1213989257812,,,,-9.7138548882277,-1.2216443951866
48.543887127727,9.1213989257812,,,,-8.3757849558028,-0.81777325553649
48.540250268828,9.1213989257812,,,,-5.1917643668361,-0.58936513290972
48.536613148613,9.1213989257812,,,,-1.367820100495,-0.16036088657808
48.532975767076,9.1213989257812,,,,2.6427977661683,0.24642849041781
48.529338124214,9.1213989257812,,,,12.897812608409,0.776522932301
48.525700220022,9.1213989257812,,,,15.825370865991,0.89222547101513
48.522062054497,9.1213989257812,,,,10.30773716906,1.1675104148843
48.518423627634,9.1213989257812,,,,-6.2712705217092,-0.3143614489034
48.554796136561,9.1268920898438,,,,-0.93220798462232,-0.09512614387783
48.551160061589,9.1268920898438,,,,-2.1940280842745,-0.23205634656915
48.547523725312,9.1268920898438,,,,-3.3628499062788,-0.36763889700072
48.543887127727,9.1268920898438,,,,-2.785288556319,-0.29907810020259
48.540250268828,9.1268920898438,,,,-1.1011984864438,-0.11466262267
48.536613148613,9.1268920898438,,,,-0.7897873666866,-0.09346340514209
48.532975767076,9.1268920898438,,,,-5.7465252929594,-0.93374825585697
48.529338124214,9.1268920898438,,,,-19.920457573646,-1.3269258371436
48.525700220022,9.1268920898438,,,,-10.108035596359,-0.64088262456655
48.522062054497,9.1268920898438,,,,3.7919834396209,0.52897905681205
48.518423627634,9.1268920898438,,,,2.739725072673,0.30545375880804
48.543887127727,9.1378784179688,,,,0.49948192274111,0.050514515647337
48.540250268828,9.1378784179688,,,,-0.42575326887628,-0.054198031858705
48.536613148613,9.1378784179688,,,,-1.3971029099702,-0.19072489896926
48.532975767076,9.1378784179688,,,,9.4018386522224,0.66487725743504
48.529338124214,9.1378784179688,,,,3.749005235522,0.29975361222879
48.525700220022,9.1378784179688,,,,-1.7408640420343,-0.20631532132775
48.522062054497,9.1378784179688,,,,-4.9827066222894,-0.65129376502374
48.518423627634,9.1378784179688,,,,-5.0794216769876,-0.84282090650639
48.540250268828,9.1323852539062,,,,-0.062047549376332,-0.0066261133072608
48.536613148613,9.1323852539062,,,,0.48131276227679,0.067072118291267
48.532975767076,9.1323852539062,,,,0.26506571853099,0.037791357530624
48.529338124214,9.1323852539062,,,,-4.6386259506076,-0.76362141698539
48.525700220022,9.1323852539062,,,,-5.4349744673702,-0.94752682658284
48.522062054497,9.1323852539062,,,,-2.2517752116545,-0.36443609769679
48.518423627634,9.1323852539062,,,,-0.82194503840285,-0.10884814378017
